accuracy,precision,recall,f1,model
0.375,0.1607142857142857,0.375,0.22499999999999998,naive_bayes
0.375,0.140625,0.375,0.20454545454545453,svm
0.25,0.10714285714285714,0.25,0.15000000000000002,random_forest
0.375,0.1607142857142857,0.375,0.22499999999999998,logistic_regression
