accuracy,precision,recall,f1,model
0.4,0.31451612903225806,0.4,0.30947368421052635,naive_bayes
0.975,0.953125,0.975,0.9633333333333333,svm
